22 Aug 2011,2213.9,2245.1,2175,2194.6,1963509,,,,
23 Aug 2011,2201.25,2302.65,2194,2276.95,2142930,,,,
24 Aug 2011,2280,2284.95,2230,2250.9,1075768,,,,
25 Aug 2011,2250.2,2265.1,2161.5,2183.4,3356719,,,,
26 Aug 2011,2186.5,2252.9,2182.65,2202.55,2627745,,,,
29 Aug 2011,2239,2312.25,2232,2296.25,1402816,,,,
30 Aug 2011,2331,2360,2280,2342.95,1517865,,,,
02 Sep 2011,2385,2385,2275.3,2319.2,1870113,,,,
05 Sep 2011,2293.7,2293.7,2240.2,2265.1,1362818,,,,
06 Sep 2011,2253.9,2320,2222.25,2302.55,1352087,,,,
07 Sep 2011,2297.9,2314.3,2267.65,2291.45,1644679,,,,
08 Sep 2011,2300,2354,2299,2338.45,1378484,,,,
09 Sep 2011,2328.1,2328.1,2261,2274.3,1549013,,,,
12 Sep 2011,2208,2217.35,2180.65,2198.45,1024783,,,,
13 Sep 2011,2223.1,2259.7,2195.75,2222.05,1295652,,,,
14 Sep 2011,2251,2366.9,2249,2351.65,2154610,,,,
15 Sep 2011,2378,2428.5,2330,2409.9,1712932,,,,
16 Sep 2011,2457.9,2457.9,2373.6,2395.15,1413013,,,,
19 Sep 2011,2399,2411.6,2356.1,2362.65,819804,,,,
20 Sep 2011,2377,2440,2375.15,2436.55,1126113,,,,
21 Sep 2011,2440,2454.9,2420,2435.65,925310,,,,
22 Sep 2011,2384,2411.8,2336.65,2352.6,1129732,,,,
23 Sep 2011,2328,2389.8,2321,2338.8,1306054,,,,
26 Sep 2011,2345,2365,2301.1,2355,818036,,,,
27 Sep 2011,2377.2,2468.65,2377.2,2444.15,1292628,,,,
28 Sep 2011,2480,2540,2452.5,2470.25,2507720,,,,
29 Sep 2011,2482,2569.95,2471.25,2551.1,2907043,,,,
30 Sep 2011,2531.9,2564,2508.2,2533.05,1341332,,,,
03 Oct 2011,2490,2518,2467.7,2475.9,1235641,,,,
04 Oct 2011,2452.2,2481.75,2413.6,2438.5,979810,,,,
05 Oct 2011,2457.95,2499,2428.1,2446.95,1346482,,,,
07 Oct 2011,2560,2574.9,2487.65,2508.7,2307216,,,,
10 Oct 2011,2545,2600.9,2528.4,2589.95,2118304,,,,
11 Oct 2011,2593.4,2595,2490,2504.55,2792406,,,,
12 Oct 2011,2595,2688,2595,2679.35,4329213,,,,
13 Oct 2011,2719,2729,2685,2696.7,2255192,,,,
14 Oct 2011,2711.1,2756.7,2686.3,2743.75,2450124,,,,
17 Oct 2011,2761.1,2764.9,2720.2,2746.55,1768187,,,,
18 Oct 2011,2699.9,2725,2687.7,2701.55,1314767,,,,
19 Oct 2011,2722,2735,2701.1,2727.75,1266915,,,,
20 Oct 2011,2692,2757,2687.55,2747.55,696710,,300% Interim (FV Rs.5),,
21 Oct 2011,2747.55,2749,2707,2722.65,857289,,,,
24 Oct 2011,2750,2774.8,2741.2,2767.3,759449,,,,
25 Oct 2011,2811,2899,2811,2858.7,1959698,,,,
26 Oct 2011,2861.9,2869.95,2831.4,2838.65,228612,,,,
28 Oct 2011,2921,2971.35,2845.05,2858.65,3108598,,,,
01 Nov 2011,2840,2874.1,2818,2836.6,988274,,,,
02 Nov 2011,2820,2853.9,2817.4,2834.4,664732,,,,
03 Nov 2011,2834,2842,2767.2,2802.1,1347453,,,,
04 Nov 2011,2845,2850.9,2791.55,2825.95,955461,,,,
08 Nov 2011,2815.05,2848,2790.85,2842.1,763417,,,,
09 Nov 2011,2845,2867.25,2825,2835.3,834956,,,,
11 Nov 2011,2610.7,2807.7,2610.7,2775.7,1180153,,,,
14 Nov 2011,2810.15,2832.4,2798,2808.8,579130,,,,
15 Nov 2011,2800.1,2820,2781.55,2798.3,637253,,,,
16 Nov 2011,2795,2804,2758.3,2778.3,819081,,,,
17 Nov 2011,2768.3,2789,2732.9,2753.5,795873,,,,
18 Nov 2011,2731.05,2764.45,2720,2740.8,592237,,,,
21 Nov 2011,2720,2734.85,2626.3,2670.1,1170724,,,,
22 Nov 2011,2600,2764.9,2600,2724,1857439,,,,
23 Nov 2011,2675,2689.55,2617.35,2652.65,1599102,,,,
24 Nov 2011,2641,2684,2586.6,2666.2,1653972,,,,
25 Nov 2011,2655,2655,2591,2599.7,1002816,,,,
28 Nov 2011,2620.05,2649.9,2612.45,2636.15,911276,,,,
29 Nov 2011,2622.2,2628.05,2581.25,2597.95,1332421,,,,
30 Nov 2011,2581,2625,2561,2606.85,1455029,,,,
01 Dec 2011,2674,2690.85,2630.6,2655.35,1015651,,,,
02 Dec 2011,2651,2715.45,2647.9,2694.15,1181426,,,,
05 Dec 2011,2690,2717.75,2675.2,2701.15,933523,,,,
07 Dec 2011,2705,2772.4,2684.05,2758.95,1008799,,,,
08 Dec 2011,2747,2758,2696.1,2723.45,911948,,,,
09 Dec 2011,2668.15,2739.8,2660.2,2710.3,1321344,,,,
12 Dec 2011,2719.9,2756,2697.8,2740.25,1378225,,,,
13 Dec 2011,2731.3,2764.9,2708.7,2752.2,1206042,,,,
14 Dec 2011,2750,2767.25,2725,2740.25,1232204,,,,
15 Dec 2011,2726.3,2734.35,2665,2716.35,1256646,,,,
16 Dec 2011,2695,2788.8,2691.95,2724.5,1708661,,,,
19 Dec 2011,2690,2703.55,2655.8,2676.4,1508054,,,,
20 Dec 2011,2690,2698.15,2651.1,2668.75,1310576,,,,
21 Dec 2011,2719,2754.8,2680,2743,1052865,,,,
22 Dec 2011,2650,2748,2650,2720.85,1588392,,,,
23 Dec 2011,2740,2740,2683.25,2694.75,880662,,,,
26 Dec 2011,2691,2787,2691,2775.85,529571,,,,
28 Dec 2011,2769,2804,2751.55,2782,856406,,,,
29 Dec 2011,2758,2774.9,2731.05,2742.1,1104646,,,,
30 Dec 2011,2744,2775,2741.5,2767.65,663602,,,,
02 Jan 2012,2759.2,2816.65,2742,2808.95,728272,,,,
03 Jan 2012,2824.1,2886.95,2820,2864.3,1112876,,,,
04 Jan 2012,2845,2875,2841.05,2854.4,917678,,,,
05 Jan 2012,2839.2,2876,2831.45,2840.15,890659,,,,
06 Jan 2012,2838,2867.6,2811.1,2832.15,885954,,,,
07 Jan 2012,2838.9,2851.5,2828.05,2835.2,95521,,,,
09 Jan 2012,2847.5,2866.3,2817.2,2836.55,1033223,,,,
10 Jan 2012,2870,2875.4,2850.2,2863.6,1397397,,,,
11 Jan 2012,2868,2894.9,2813,2826.6,1724475,,,,
12 Jan 2012,2750,2750,2578.05,2588.25,6121325,,,,
13 Jan 2012,2618,2619,2552.25,2584.2,2612368,,,,
16 Jan 2012,2581.25,2644,2579.1,2640.15,1648592,,,,
17 Jan 2012,2650,2672.8,2633.85,2662.05,1092553,,,,
18 Jan 2012,2644,2644,2585,2612.05,1212553,,,,
19 Jan 2012,2616,2622.8,2576.6,2594.7,1206542,,,,
20 Jan 2012,2596,2609.7,2576.3,2588.8,1454464,,,,
23 Jan 2012,2590,2615.5,2589,2600.3,645108,,,,
24 Jan 2012,2618,2639.6,2595,2620.8,706651,,,,
25 Jan 2012,2635,2675,2625,2665.8,1318170,,,,
27 Jan 2012,2702,2735,2686.2,2725,1527359,,,,
31 Jan 2012,2712,2754.65,2706,2746,1082362,,,,
01 Feb 2012,2739.7,2748,2695.65,2742.7,783667,,,,
02 Feb 2012,2740.1,2783,2730,2757,1442282,,,,
03 Feb 2012,2740.05,2792,2740.05,2783.25,1454650,,,,
06 Feb 2012,2805.1,2807.9,2752.1,2777.1,992210,,,,
07 Feb 2012,2805,2805,2713.65,2727.5,902705,,,,
08 Feb 2012,2748,2782,2741.35,2769.15,833937,,,,
09 Feb 2012,2749,2822.1,2731.85,2809.9,1269605,,,,
10 Feb 2012,2799,2802,2751.15,2790.4,647202,,,,
13 Feb 2012,2775.25,2800.5,2757.1,2788.4,716751,,,,
14 Feb 2012,2776,2809.9,2764,2801.05,684721,,,,
15 Feb 2012,2815,2875,2815,2864.1,897291,,,,
16 Feb 2012,2864,2917.7,2860.55,2908.95,1032069,,,,
17 Feb 2012,2916.25,2978,2900.15,2947.8,1432160,,,,
21 Feb 2012,2930,2959.9,2911.25,2938.25,756153,,,,
22 Feb 2012,2905.2,2994,2905.2,2952.25,1301640,,,,
23 Feb 2012,2939,2982.6,2916.2,2933.15,1309370,,,,
24 Feb 2012,2932,2974,2923.5,2948.05,1067055,,,,
27 Feb 2012,2965,2965,2872,2883.35,863821,,,,
28 Feb 2012,2886,2910,2854.95,2872.4,993775,,,,
29 Feb 2012,2894,2908.1,2864.2,2883.45,1108551,,,,
01 Mar 2012,2851.55,2875,2805,2856.65,1225829,,,,
02 Mar 2012,2865,2865,2813.1,2845.7,759707,,,,
03 Mar 2012,2846.85,2869.35,2846.85,2858.1,21694,,,,
05 Mar 2012,2858.1,2863.85,2796.7,2809.85,722557,,,,
06 Mar 2012,2805.1,2880,2801.1,2852.45,1293711,,,,
07 Mar 2012,2842,2895,2835.1,2883.85,988571,,,,
09 Mar 2012,2894,2903,2848,2855.3,830601,,,,
12 Mar 2012,2915,2915,2781,2817.4,911809,,,,
13 Mar 2012,2843.95,2869.85,2842,2859.8,963803,,,,
14 Mar 2012,2890,2915,2853.95,2878.85,1325261,,,,
15 Mar 2012,2895,2905.15,2870.5,2881.9,781420,,,,
16 Mar 2012,2905,2913,2847.15,2864.95,1128876,,,,
19 Mar 2012,2895,2900,2811.3,2837.5,757691,,,,
20 Mar 2012,2826,2853.2,2803,2831.35,1153173,,,,
21 Mar 2012,2832.45,2890,2821,2867.3,781333,,,,
22 Mar 2012,2874,2874.55,2814.3,2828.3,708080,,,,
23 Mar 2012,2833,2882.75,2830.4,2872.7,687217,,,,
26 Mar 2012,2869,2869,2821.1,2830.75,615333,,,,
27 Mar 2012,2860,2903.75,2832.3,2875.9,948844,,,,
28 Mar 2012,2866,2874.7,2824,2843.1,739990,,,,
29 Mar 2012,2820.5,2838.35,2767.8,2792,1750026,,,,
30 Mar 2012,2809.9,2873,2803,2866.3,995450,,,,
02 Apr 2012,2864,2888.75,2841,2850.2,606448,,,,
03 Apr 2012,2866.3,2877.65,2842.55,2858.45,681448,,,,
04 Apr 2012,2849,2874.95,2844,2851.1,656768,,,,
09 Apr 2012,2837.5,2859.35,2812.4,2822.75,817696,,,,
10 Apr 2012,2842,2847.65,2737,2771.4,905382,,,,
11 Apr 2012,2768.95,2825,2743.2,2804.4,1022455,,,,
12 Apr 2012,2822.75,2831.85,2738.45,2750.65,1475701,,,,
13 Apr 2012,2518,2522.7,2389.1,2402.55,9406946,,,,
16 Apr 2012,2400,2426.55,2333.05,2364.55,4186435,,,,
17 Apr 2012,2399,2399,2336.1,2380.7,2960886,,,,
18 Apr 2012,2400,2402.55,2355,2371.25,2395666,,,,
19 Apr 2012,2379.9,2414.95,2368,2405.4,2139189,,,,
20 Apr 2012,2394.75,2428.4,2362.5,2407.4,1438440,,,,
23 Apr 2012,2390,2390,2305,2310.9,2267087,,,,
24 Apr 2012,2310.65,2364.8,2198.3,2349.55,6629739,,,,
25 Apr 2012,2349.7,2365,2303.25,2349.95,3079813,,,,
26 Apr 2012,2350,2378.8,2342.35,2356.2,2142133,,,,
27 Apr 2012,2357,2398,2355,2391,1757808,,,,
28 Apr 2012,2397.75,2404.3,2387.1,2395.8,61869,,,,
30 Apr 2012,2392,2468,2390.35,2462.1,1358701,,,,
02 May 2012,2465,2488,2461.75,2472,1265586,,,,
03 May 2012,2460,2497.25,2460,2482.9,1425091,,,,
04 May 2012,2482,2498,2423.4,2441.95,1350111,,,,
07 May 2012,2409,2448.8,2367.9,2437.6,1338750,,,,
08 May 2012,2395,2407.75,2329.15,2393.9,1440830,,,,
09 May 2012,2368,2394.8,2352.6,2366.25,1312268,,,,
10 May 2012,2368,2384.85,2322.3,2344.2,1135503,,,,
11 May 2012,2344,2360,2292.05,2311.3,1112664,,,,
14 May 2012,2320.2,2345.5,2304.1,2338.95,989802,,,,
15 May 2012,2305,2429,2305,2415.2,1283394,,,,
16 May 2012,2378,2385,2354,2368.45,1073661,,,,
17 May 2012,2368.45,2377.45,2346.4,2370.55,725927,,,,
18 May 2012,2325.35,2405,2302.15,2382.85,742270,,,,
21 May 2012,2384.9,2385.5,2324,2340.45,597095,,,,
22 May 2012,2355,2368.05,2323.65,2341.1,727901,,,,
23 May 2012,2355,2364.8,2307.2,2348.2,675254,,,,
24 May 2012,2349,2388.9,2313,2380.8,951506,,440% Final# 200% Special (FV Rs.5),,
25 May 2012,2363,2385,2351.05,2372.85,539216,,,,
28 May 2012,2394,2398,2362.6,2385.8,590723,,,,
29 May 2012,2391,2425,2378,2409.5,643095,,,,
30 May 2012,2407,2458.8,2392.7,2432.3,1006436,,,,
31 May 2012,2408,2552,2391.1,2429.35,2703294,,,,
01 Jun 2012,2415,2431.5,2383,2389.2,817880,,,,
04 Jun 2012,2374,2396.35,2345,2385.6,601511,,,,
05 Jun 2012,2385,2411.9,2374.7,2388.85,749090,,,,
06 Jun 2012,2397.2,2433.35,2396.4,2415.5,1097148,,,,
07 Jun 2012,2448,2464.85,2436.15,2452.95,830886,,,,
08 Jun 2012,2488.9,2488.9,2392.8,2419.25,695603,,,,
11 Jun 2012,2427,2452.75,2414.9,2425.65,444223,,,,
12 Jun 2012,2402.2,2470,2402.2,2458.05,516835,,,,
13 Jun 2012,2451.25,2489.7,2442,2470.1,769723,,,,
14 Jun 2012,2461,2510,2461,2498.3,985417,,,,
15 Jun 2012,2510.05,2532,2502.75,2522.55,788939,,,,
18 Jun 2012,2535,2544.35,2496.5,2511.7,889629,,,,
19 Jun 2012,2500,2505,2457.9,2477,801760,,,,
20 Jun 2012,2480,2485,2452.95,2470.1,816997,,,,
21 Jun 2012,2456,2503,2440.15,2491.3,817077,,,,
22 Jun 2012,2449.75,2484.5,2426.45,2474.45,801791,,,,
25 Jun 2012,2474.9,2488,2458.25,2468.15,993681,,,,
26 Jun 2012,2453.1,2459.9,2429.55,2440.4,1291270,,,,
27 Jun 2012,2452,2475,2448.45,2468.1,1084673,,,,
28 Jun 2012,2465,2497,2448.35,2473.3,951622,,,,
29 Jun 2012,2494,2519,2476.2,2509.2,1170621,,,,
02 Jul 2012,2503,2518.8,2490.7,2499.4,646902,,,,
03 Jul 2012,2516.25,2516.25,2476.6,2490.55,803601,,,,
04 Jul 2012,2500,2504.85,2469,2479.4,798852,,,,
05 Jul 2012,2480.25,2488,2462.5,2480.25,722558,,,,
06 Jul 2012,2476,2485,2440,2444.65,610930,,,,
09 Jul 2012,2421.1,2468.9,2402,2437.95,914335,,,,
10 Jul 2012,2444,2463.3,2441.35,2459.4,881840,,,,
11 Jul 2012,2450,2502.4,2445,2471,2118235,,,,
12 Jul 2012,2250,2280,2219,2264.4,6783983,,,,
13 Jul 2012,2218,2258.8,2218,2229.8,3344563,,,,
16 Jul 2012,2230,2241.4,2163.25,2171.3,2305137,,,,
17 Jul 2012,2184.9,2198,2162.3,2171.25,1687891,,,,
18 Jul 2012,2171.25,2188.9,2163,2178.9,984158,,,,
19 Jul 2012,2200,2250,2193.25,2245.2,1364049,,,,
20 Jul 2012,2244.9,2244.9,2205.3,2218.75,644229,,,,
23 Jul 2012,2200,2209.9,2182.6,2189.1,486350,,,,
24 Jul 2012,2190.5,2212,2165.1,2168.65,894189,,,,
25 Jul 2012,2174,2180,2150,2168.55,879568,,,,
26 Jul 2012,2167,2167,2101.25,2123.8,1496917,,,,
27 Jul 2012,2162,2164,2109.3,2148.65,1232811,,,,
30 Jul 2012,2160,2215,2157.55,2209.7,895865,,,,
31 Jul 2012,2215,2236,2185,2226.95,864305,,,,
01 Aug 2012,2215,2230.4,2200.75,2218.55,380998,,,,
02 Aug 2012,2218,2226.8,2195,2205.75,302504,,,,
03 Aug 2012,2196.25,2217.35,2185.1,2208.5,386949,,,,
06 Aug 2012,2222.2,2234.9,2207.4,2216.8,406348,,,,
07 Aug 2012,2232,2269.4,2222.1,2253.3,683168,,,,
08 Aug 2012,2262,2295,2260,2283.6,1004888,,,,
09 Aug 2012,2290.25,2311.5,2275,2282.05,866387,,,,
10 Aug 2012,2278,2321,2264,2313.05,704461,,,,
13 Aug 2012,2301.3,2331,2300.1,2320.1,501741,,,,
14 Aug 2012,2313.3,2335,2289.35,2329.35,505602,,,,
16 Aug 2012,2328.15,2328.15,2301.05,2315.45,466203,,,,
17 Aug 2012,2324,2355,2316.3,2351.05,1061660,,,,
21 Aug 2012,2365,2439,2365,2409,1525767,,,,
22 Aug 2012,2402.9,2440,2394.15,2433.6,643646,,,,
23 Aug 2012,2435,2483,2424.25,2477.2,1840357,,,,
28 Aug 2012,2397,2451.45,2397,2421.15,708257,,,,
29 Aug 2012,2422,2422,2382.45,2388.3,702052,,,,
30 Aug 2012,2383.85,2406.15,2370.05,2392.7,1396924,,,,
31 Aug 2012,2386,2386,2354.75,2361.65,726383,,,,
03 Sep 2012,2366,2398.9,2358,2365.1,540189,,,,
04 Sep 2012,2360.35,2372,2344.1,2360.8,291666,,,,
05 Sep 2012,2347,2357,2332.2,2339.45,501653,,,,
06 Sep 2012,2350.5,2427.9,2350.5,2422,952923,,,,
07 Sep 2012,2455,2494,2451.1,2487.25,759462,,,,
08 Sep 2012,2477.2,2499.9,2477.2,2496,79079,,,,
10 Sep 2012,2496,2527,2478.75,2512.35,917165,,,,
11 Sep 2012,2500,2535.95,2474.6,2529.5,680238,,,,
12 Sep 2012,2531,2549.95,2521.15,2539.7,635416,,,,
13 Sep 2012,2538.8,2566.9,2518,2555.05,656213,,,,
14 Sep 2012,2588,2644.7,2586.1,2632.1,1328481,,,,
17 Sep 2012,2649,2649,2547,2564.5,1232409,,,,
18 Sep 2012,2580,2619,2578,2600.8,898025,,,,
20 Sep 2012,2556.6,2645,2556.6,2617.2,1453142,,,,
21 Sep 2012,2615.35,2650,2583.6,2593.3,1536734,,,,
24 Sep 2012,2600,2609.9,2575.15,2600.15,1106754,,,,
25 Sep 2012,2590,2611,2588.05,2598.05,1106219,,,,
26 Sep 2012,2578,2600,2567.15,2589.3,1061238,,,,
27 Sep 2012,2592.5,2593,2534.75,2549.35,1727860,,,,
28 Sep 2012,2561,2579.9,2526.2,2534.95,1210653,,,,
01 Oct 2012,2551.3,2620.2,2549,2609.65,1103286,,,,
03 Oct 2012,2605.25,2619.15,2560.5,2578.25,977953,,,,
04 Oct 2012,2575.1,2594.9,2557.05,2575.65,895535,,,,
05 Oct 2012,2585,2585,2060.55,2526.85,1454000,,,,
08 Oct 2012,2524.8,2542.9,2460,2488.2,1009680,,,,
09 Oct 2012,2505,2550,2484,2536.25,1135540,,,,
10 Oct 2012,2507.1,2528.15,2489.6,2504.15,741513,,,,
11 Oct 2012,2496,2580.05,2481.2,2533.2,1870800,,,,
12 Oct 2012,2350,2447.85,2311,2395.35,7087722,,,,
15 Oct 2012,2385.7,2412,2352.8,2365.6,1848765,,,,
16 Oct 2012,2379.9,2389,2347,2355.7,910256,,,,
17 Oct 2012,2376.05,2379,2357.25,2370.15,713415,,,,
18 Oct 2012,2364,2397,2345.1,2377.6,1274072,,300% Interim (FV Rs.5),,
19 Oct 2012,2366,2397,2366,2383.35,1367150,,,,
22 Oct 2012,2368.25,2398,2368.25,2385.55,570858,,,,
23 Oct 2012,2362,2384,2350,2353.1,592893,,,,
25 Oct 2012,2343,2357.1,2330.15,2344.75,1407097,,,,
26 Oct 2012,2334.7,2344.8,2321.05,2329.6,427536,,,,
29 Oct 2012,2321,2339,2307.3,2335.5,592083,,,,
30 Oct 2012,2326,2365,2326,2358.35,716032,,,,
31 Oct 2012,2350,2374.5,2345.55,2363,814665,,,,
01 Nov 2012,2362,2370,2341.1,2364.65,876372,,,,
02 Nov 2012,2371,2404.6,2369.1,2388.1,881152,,,,
05 Nov 2012,2383.1,2390.6,2367.5,2378.45,619900,,,,
06 Nov 2012,2384,2406.5,2371.25,2381.65,851971,,,,
07 Nov 2012,2382,2414,2375.05,2404.4,586908,,,,
08 Nov 2012,2372,2384.55,2365,2375.3,653645,,,,
09 Nov 2012,2365,2365,2345,2348.7,742365,,,,
12 Nov 2012,2355,2369,2333.55,2358.95,462024,,,,
15 Nov 2012,2335.15,2337,2278.8,2296.3,1141631,,,,
16 Nov 2012,2291,2387,2291,2343.35,1711638,,,,
19 Nov 2012,2344,2381.2,2336.65,2358.55,504516,,,,
20 Nov 2012,2377.15,2377.15,2312.8,2324.75,680038,,,,
21 Nov 2012,2329.7,2363.9,2321.4,2349.85,873726,,,,
22 Nov 2012,2348,2392,2335,2382.6,728414,,,,
23 Nov 2012,2382,2399,2357.05,2377.55,434717,,,,
26 Nov 2012,2390.75,2421,2390.75,2417.4,473507,,,,
27 Nov 2012,2422,2480,2421.85,2470.65,714663,,,,
29 Nov 2012,2450,2459.25,2426.5,2445.25,1295637,,,,
30 Nov 2012,2441.6,2476.45,2425.05,2436.85,881339,,,,
03 Dec 2012,2437,2453,2424.35,2439.15,650373,,,,
04 Dec 2012,2429,2447,2415,2437.45,563786,,,,
05 Dec 2012,2429,2430,2377.5,2382.5,1749378,,,,
06 Dec 2012,2394,2394,2313.95,2338.3,1376491,,,,
07 Dec 2012,2321,2348.5,2311.1,2321.15,1185739,,,,
10 Dec 2012,2320.95,2344,2299,2313.55,853740,,,,
11 Dec 2012,2316,2336.05,2282.85,2294.05,1423053,,,,
12 Dec 2012,2310,2323.8,2286.25,2297.8,1919961,,,,
13 Dec 2012,2304.95,2313.65,2272.4,2283.55,1245889,,,,
14 Dec 2012,2273,2295.05,2266,2278.8,1063499,,,,
17 Dec 2012,2267,2291.85,2256.95,2266.25,1370205,,,,
18 Dec 2012,2260,2274.2,2245,2271,1036500,,,,
19 Dec 2012,2274,2299.9,2270.05,2296.15,1248987,,,,
20 Dec 2012,2306.1,2310,2278,2299.6,1055216,,,,
21 Dec 2012,2299,2321.3,2286.8,2296.85,865502,,,,
24 Dec 2012,2321.1,2328.4,2313,2322.3,540499,,,,
26 Dec 2012,2323,2330.9,2304.35,2315.25,407945,,,,
27 Dec 2012,2327.8,2329,2276.65,2287.75,1013779,,,,
28 Dec 2012,2302.1,2325.5,2288.45,2323.2,883032,,,,
31 Dec 2012,2315,2324.1,2303.7,2318.7,431478,,,,
01 Jan 2013,2327.6,2329.9,2305.55,2308.85,369999,,,,
02 Jan 2013,2316.2,2328,2303.5,2309.2,543743,,,,
03 Jan 2013,2315,2348.85,2311,2337.9,1324911,,,,
04 Jan 2013,2348.4,2354.95,2332,2349.55,1056751,,,,
07 Jan 2013,2351.1,2379.9,2335.55,2374.8,1095203,,,,
08 Jan 2013,2365,2367.95,2323.5,2344,1608428,,,,
09 Jan 2013,2340.2,2361.8,2323.3,2331,768746,,,,
10 Jan 2013,2331,2342.65,2309.2,2322.3,1362627,,,,
11 Jan 2013,2521,2722,2521,2712.1,11606571,,,,
14 Jan 2013,2759.8,2836.95,2752.25,2806.5,6365595,,,,
15 Jan 2013,2806,2809.45,2774.5,2787.05,2547235,,,,
16 Jan 2013,2781,2788.8,2755.5,2767.45,1457603,,,,
17 Jan 2013,2792,2806.65,2779.2,2797.95,1470884,,,,
18 Jan 2013,2805,2810,2777.45,2788.05,911324,,,,
21 Jan 2013,2763.05,2810.6,2763.05,2796.3,737445,,,,
22 Jan 2013,2793.6,2798.65,2777,2783.55,638785,,,,
23 Jan 2013,2781,2798,2781,2789.6,932339,,,,
24 Jan 2013,2810,2828,2790.75,2798.2,1401412,,,,
25 Jan 2013,2810,2828,2791.15,2814.65,1055317,,,,
28 Jan 2013,2812,2827.6,2801,2810.65,840376,,,,
29 Jan 2013,2806,2825,2788.55,2799,774648,,,,
30 Jan 2013,2804.75,2805.95,2780.55,2790.65,850691,,,,
31 Jan 2013,2792,2807.1,2770,2789.5,2185055,,,,
01 Feb 2013,2791.1,2801.9,2752,2770.95,987456,,,,
04 Feb 2013,2781,2790,2745,2767.6,937502,,,,
05 Feb 2013,2763.25,2782.35,2745.55,2755.9,770764,,,,
06 Feb 2013,2775.25,2788.05,2755.85,2776,1137168,,,,
07 Feb 2013,2786,2799,2780.05,2789.5,1338059,,,,
08 Feb 2013,2783.15,2816.7,2772.25,2789.45,685337,,,,
11 Feb 2013,2801.25,2814.95,2784.9,2792.05,924349,,,,
12 Feb 2013,2770,2774.1,2741.75,2755.25,555299,,,,
13 Feb 2013,2757,2797.15,2745,2789.55,790361,,,,
14 Feb 2013,2794.4,2828,2794.35,2812.75,861750,,,,
15 Feb 2013,2790,2808.5,2776.3,2788.6,649282,,,,
19 Feb 2013,2780.1,2825,2767.05,2820.45,580418,,,,
20 Feb 2013,2825.25,2832.35,2808.5,2819.45,693153,,,,
21 Feb 2013,2801.6,2819.9,2793.15,2807.8,694843,,,,
22 Feb 2013,2798.7,2855,2797.1,2840.55,1087942,,,,
25 Feb 2013,2870,2922,2867.6,2917.8,1307206,,,,
26 Feb 2013,2916,2969.4,2916,2959.8,1521693,,,,
27 Feb 2013,2948,2948,2902.1,2910.55,878720,,,,
28 Feb 2013,2915.3,2935.85,2885.4,2907,1476013,,,,
01 Mar 2013,2914,2961.4,2892,2913.8,1051829,,,,
04 Mar 2013,2926,2942.5,2872.15,2903.45,1263540,,,,
05 Mar 2013,2924.55,2939.4,2913.25,2921.3,896493,,,,
06 Mar 2013,2947,2976.7,2926.25,2970.1,1525685,,,,
07 Mar 2013,2981.25,3009.8,2980,3004.35,1714420,,,,
08 Mar 2013,2988,2989,2957.25,2970.25,770362,,,,
12 Mar 2013,2940,2944.7,2912,2918.1,714257,,,,
13 Mar 2013,2890,2890,2850.1,2863.45,1341267,,,,
14 Mar 2013,2866,2888.9,2842.9,2874.1,1041540,,,,
15 Mar 2013,2876.35,2911.65,2868.05,2878.25,907599,,,,
18 Mar 2013,2866.25,2890,2851,2860.75,805853,,,,
19 Mar 2013,2875,2886.2,2841.1,2856,1497018,,,,
20 Mar 2013,2864.8,2874.7,2827.55,2865.65,1124330,,,,
21 Mar 2013,2883,2894.5,2862,2872.8,1242510,,,,
22 Mar 2013,2849.95,2875.5,2830,2863.2,921286,,,,
25 Mar 2013,2845.2,2865,2832.65,2852.75,629607,,,,
26 Mar 2013,2845,2869.65,2834,2854.55,426948,,,,
28 Mar 2013,2865,2896.95,2851.2,2889.35,1543506,,,,
01 Apr 2013,2910.75,2953.55,2910.75,2944.2,927755,,,,
02 Apr 2013,2930,2989.7,2914.85,2969.05,1215111,,,,
03 Apr 2013,2948.9,2999.55,2948,2968.45,1044434,,,,
04 Apr 2013,2945,2949.15,2872.05,2880.05,937495,,,,
05 Apr 2013,2879,2899,2850,2865.85,546620,,,,
08 Apr 2013,2850,2873.65,2827.25,2831.9,464545,,,,
09 Apr 2013,2833.55,2838.95,2756.25,2766.35,1355082,,,,
10 Apr 2013,2803,2827.8,2776.25,2815.65,818952,,,,
11 Apr 2013,2866.5,2935.6,2834.9,2916.7,2127334,,,,
12 Apr 2013,2625.05,2625.05,2268.7,2296.65,12253468,,,,
15 Apr 2013,2290,2357,2204,2339.05,8319997,,,,
16 Apr 2013,2319,2326,2287,2296.25,1787717,,,,
17 Apr 2013,2300,2311.95,2250,2283.85,1893643,,,,
18 Apr 2013,2286.4,2323,2281.3,2295.7,1653046,,,,
22 Apr 2013,2291.6,2293,2223.55,2244.55,1925161,,,,
23 Apr 2013,2250,2270.6,2244.4,2262.25,983745,,,,
25 Apr 2013,2248,2250,2223.15,2227.7,1720293,,,,
26 Apr 2013,2220.1,2237.8,2202.5,2212,1391198,,,,
29 Apr 2013,2206,2248.8,2186,2229.3,1120710,,,,
30 Apr 2013,2234,2242.35,2222.2,2235.45,1105090,,,,
02 May 2013,2236,2291.45,2236,2286.7,1172023,,,,
03 May 2013,2296.75,2324,2278.2,2307.95,1139649,,,,
06 May 2013,2315,2345,2315,2341.1,750013,,,,
13 May 2013,2355,2362.15,2330.3,2339.6,626870,,,,
14 May 2013,2337.3,2370.8,2337.3,2350.05,560556,,,,
15 May 2013,2353,2372.7,2347.4,2360.45,1111647,,,,
16 May 2013,2353.5,2359.8,2313.25,2332.6,873969,,,,
17 May 2013,2336.9,2369,2335,2351.75,803969,,,,
20 May 2013,2346,2383,2344,2372.05,1094786,,,,
21 May 2013,2370.2,2417.05,2366.95,2397.6,707516,,,,
22 May 2013,2400,2433,2378.25,2385.3,780709,,,,
23 May 2013,2376,2419.25,2356.15,2359.85,637573,,,,
24 May 2013,2361.6,2385,2334,2347.9,461081,,,,
27 May 2013,2341.2,2386,2330.3,2372.7,415646,,,,
10 Jun 2013,2460,2498,2457.2,2486.75,536130,,540% Final on 30 May 2013 at Rs.5,,
11 Jun 2013,2490,2514.5,2465.85,2475.5,744713,,,,
12 Jun 2013,2462.25,2506.4,2412.85,2421.35,740911,,,,
13 Jun 2013,2424,2425,2375,2379.9,519291,,,,
14 Jun 2013,2391.7,2409,2377.15,2394.95,698008,,,,
17 Jun 2013,2411.45,2426,2394.85,2422.6,340063,,,,
18 Jun 2013,2430,2460,2424.7,2446.55,535613,,,,
19 Jun 2013,2446,2448.7,2407.3,2438.35,729604,,,,
20 Jun 2013,2428,2448,2342.75,2369.1,850366,,,,
21 Jun 2013,2370.6,2432,2370.6,2418.75,770171,,,,
26 Jun 2013,2391.6,2414.6,2371.65,2399.4,695904,,,,
27 Jun 2013,2421,2499.95,2412.6,2482.8,1333868,,,,
28 Jun 2013,2471.2,2507.75,2424,2498.85,1463424,,,,
01 Jul 2013,2469,2473.5,2441.1,2451,526135,,,,
02 Jul 2013,2448.1,2463.55,2400,2403.95,638854,,,,
03 Jul 2013,2401,2451.9,2392.6,2404.5,668732,,,,
04 Jul 2013,2433,2475.15,2420,2468,651348,,,,
05 Jul 2013,2467,2483.55,2438.7,2456.2,542170,,,,
08 Jul 2013,2485,2494,2460.5,2468.15,676896,,,,
09 Jul 2013,2481,2514,2481,2498.2,1076421,,,,
10 Jul 2013,2505,2520,2493,2501.15,858177,,,,
11 Jul 2013,2535,2563.45,2509.75,2528.35,1963120,,,,
12 Jul 2013,2781.15,2905.6,2750,2804.2,6609130,,,,
15 Jul 2013,2785.05,2790,2728.3,2742.7,1609280,,,,
16 Jul 2013,2702.05,2770.6,2681.05,2728.8,787692,,,,
17 Jul 2013,2731.65,2758.35,2731.65,2750.85,821881,,,,
18 Jul 2013,2754,2817.5,2738.85,2800.75,1634837,,,,
19 Jul 2013,2803,2865,2803,2847.45,2050355,,,,
22 Jul 2013,2822.2,2894.9,2822,2876.75,843892,,,,
23 Jul 2013,2890,2917.15,2890,2901.95,771060,,,,
24 Jul 2013,2880,2927,2880,2908.6,609410,,,,
25 Jul 2013,2909,2945.35,2901,2915.3,897211,,,,
26 Jul 2013,2930,2953,2902.6,2913.3,862455,,,,
29 Jul 2013,2910,2944,2910,2921.2,545369,,,,
30 Jul 2013,2931,2973,2931,2955.7,792026,,,,
31 Jul 2013,2969,2991.6,2928.2,2969.65,1475916,,,,
01 Aug 2013,2988,2995.15,2956.75,2974.65,1086329,,,,
02 Aug 2013,2985,3020,2981.1,3008.8,1495287,,,,
05 Aug 2013,2998.8,3025,2996.5,3009.05,1062848,,,,
06 Aug 2013,3008,3012,2951.05,2987.35,1253979,,,,
07 Aug 2013,2975,3002.8,2951.25,2963.35,812951,,,,
08 Aug 2013,2940,2978,2940,2964.55,720671,,,,
12 Aug 2013,2976,3020,2971,3005.4,949297,,,,
13 Aug 2013,3008.1,3094,3008,3083.6,1291789,,,,
14 Aug 2013,3070,3094.9,3042.55,3069.65,1151401,,,,
16 Aug 2013,3020,3039.95,2967.65,2978.4,1510952,,,,
19 Aug 2013,2990.1,3026.95,2950.95,3005,657416,,,,
20 Aug 2013,3020,3021,2982.5,3006.65,1295257,,,,
21 Aug 2013,2994.8,2994.8,2922.1,2958.75,940823,,,,
22 Aug 2013,2989,3036.45,2964,3020.2,1370727,,,,
23 Aug 2013,3005,3019.95,2982.3,3000.7,687358,,,,
26 Aug 2013,3019.95,3049.85,3008.5,3030.7,696443,,,,
27 Aug 2013,3032,3080,3031.9,3056.05,1065694,,,,
28 Aug 2013,3052,3130,3052,3116.25,1791212,,,,
29 Aug 2013,3070,3126.95,3061,3104.6,2510786,,,,
30 Aug 2013,3092,3122.9,3037.5,3105.85,1584820,,,,
02 Sep 2013,3077.1,3127.6,3064.6,3085.9,640630,,,,
03 Sep 2013,3072,3094.5,3016.8,3033.7,783414,,,,
04 Sep 2013,3059.7,3139.9,3055.6,3112.7,1122425,,,,
05 Sep 2013,3096.7,3096.7,2995.1,3004.8,1182134,,,,
06 Sep 2013,3005.9,3071.9,3005.9,3029.05,1683241,,,,
10 Sep 2013,3032,3188,3032,3158.9,2734892,,,,
11 Sep 2013,3145,3172.95,3107.75,3119.1,1143210,,,,
12 Sep 2013,3105,3119.1,3048,3065.85,869680,,,,
13 Sep 2013,3060.25,3065.85,3013.3,3028.05,1156923,,,,
16 Sep 2013,3025,3057.95,2980.1,2993.4,791523,,,,
17 Sep 2013,3017,3029.95,2991,3022.6,1003410,,,,
18 Sep 2013,3025,3029.25,3005,3017.15,929977,,,,
19 Sep 2013,2999,3035,2992.3,3019,1915976,,,,
20 Sep 2013,3000,3032,2983.5,2995.15,998964,,,,
23 Sep 2013,3005,3043.95,3001.05,3019.4,1110797,,,,
24 Sep 2013,3030,3031,2996.9,3015.1,1469032,,,,
25 Sep 2013,3031.8,3035,2992.65,3009.65,1010097,,,,
26 Sep 2013,3034,3036.85,3001,3012.3,1335305,,,,
27 Sep 2013,3024,3051,2991,3006.6,712696,,,,
30 Sep 2013,3020.2,3055,2997.55,3013,1084898,,,,
01 Oct 2013,3030,3038.3,3003,3015,663777,,,,
03 Oct 2013,3035,3047,3020,3037.15,1835839,,,,
04 Oct 2013,3026.25,3039,3005,3016.4,919102,,,,
07 Oct 2013,3015,3039.75,3006.4,3021.85,1224418,,,,
08 Oct 2013,3040.3,3052,3022.3,3034.15,2247864,,,,
09 Oct 2013,3027,3131.4,3010,3109.85,2171474,,,,
10 Oct 2013,3125.1,3160.95,3090.75,3127.6,2179336,,,,
11 Oct 2013,3335,3338,3156.8,3274.5,5161325,,,,
14 Oct 2013,3256,3335.55,3256,3324.35,1528964,,,,
15 Oct 2013,3324,3367.05,3312.8,3354.8,1152665,,,,
17 Oct 2013,3330.2,3357.9,3260,3268.5,1439126,,400% Interim (FV Rs.5),,
18 Oct 2013,3286,3323.9,3261,3314.55,1368097,,,,
21 Oct 2013,3333,3377.7,3265.1,3335.45,1172921,,,,
22 Oct 2013,3338,3364.2,3325.4,3342.35,901095,,,,
23 Oct 2013,3320,3338.8,3279,3324.8,820198,,,,
24 Oct 2013,3302.3,3375,3290.05,3308.75,810070,,,,
25 Oct 2013,3328,3350,3306.3,3331.55,751418,,,,
28 Oct 2013,3317.2,3334.9,3293.15,3323.45,426556,,,,
29 Oct 2013,3319.5,3364.95,3306.75,3335.6,650049,,,,
30 Oct 2013,3311,3338.85,3307.45,3323.9,698886,,,,
31 Oct 2013,3304.3,3328,3296.2,3309.9,1210943,,,,
01 Nov 2013,3300,3315,3269.4,3276.7,770838,,,,
03 Nov 2013,3280,3295.75,3273.2,3279.4,50502,,,,
05 Nov 2013,3252,3290.55,3233,3265.85,665029,,,,
06 Nov 2013,3275.3,3312.2,3275.3,3306.15,463083,,,,
07 Nov 2013,3321.65,3399.95,3313.6,3357.6,899089,,,,
08 Nov 2013,3350,3389.2,3350,3360.05,1077014,,,,
11 Nov 2013,3350,3398,3340.1,3362.6,975400,,,,
12 Nov 2013,3362.5,3375,3328.1,3336.85,806523,,,,
13 Nov 2013,3316.05,3358.6,3316.05,3332.05,585939,,,,
14 Nov 2013,3352.3,3375,3350.05,3354.25,542941,,,,
18 Nov 2013,3391,3415,3387.85,3404.1,790817,,,,
19 Nov 2013,3406,3448,3400.05,3442.95,1121901,,,,
20 Nov 2013,3409,3443.3,3395,3402.2,538326,,,,
21 Nov 2013,3396,3400,3313.1,3344.35,1061937,,,,
22 Nov 2013,3346,3375,3336,3347.6,340117,,,,
25 Nov 2013,3352,3378.8,3307,3326,713412,,,,
26 Nov 2013,3320,3349,3292.65,3316.2,915137,,,,
27 Nov 2013,3320,3335.85,3285.8,3293.3,847453,,,,
28 Nov 2013,3301.4,3338,3265,3327.8,937496,,,,
29 Nov 2013,3336,3366,3310,3354.55,676445,,,,
02 Dec 2013,3352,3376.9,3325.1,3338.7,588922,,,,
03 Dec 2013,3320,3359.5,3320,3348.75,875155,,,,
04 Dec 2013,3350,3386,3336.8,3365.35,1055390,,,,
05 Dec 2013,3380,3399,3342,3351.3,789634,,,,
06 Dec 2013,3339.05,3349,3318.2,3325.8,818106,,,,
09 Dec 2013,3365,3384.05,3321.05,3338.8,1107079,,,,
10 Dec 2013,3335,3389.85,3331.55,3370.85,1543237,,,,
11 Dec 2013,3365,3381.7,3340,3374.35,782120,,,,
12 Dec 2013,3364.4,3385.7,3348,3363.85,690029,,,,
13 Dec 2013,3345,3380,3345,3373.85,1039453,,,,
16 Dec 2013,3380,3464,3353.8,3452.25,1264712,,,,
17 Dec 2013,3445.1,3484.9,3445.1,3456.35,1339244,,,,
18 Dec 2013,3450,3473.75,3447.5,3457.45,1147918,,,,
19 Dec 2013,3462.5,3544.95,3455,3512.25,916432,,,,
20 Dec 2013,3525,3573,3508.4,3551.35,1085682,,,,
23 Dec 2013,3500,3539.9,3460.55,3468.45,1105738,,,,
24 Dec 2013,3486,3502.9,3466.1,3486.4,888739,,,,
26 Dec 2013,3487,3534.4,3483.75,3520.65,858741,,,,
27 Dec 2013,3530,3572,3529.95,3561.3,922758,,,,
30 Dec 2013,3567.7,3575,3475,3502.35,1482929,,,,
31 Dec 2013,3500,3521.7,3480.25,3485.65,448851,,,,
01 Jan 2014,3492,3499,3462.05,3468,184836,,,,
02 Jan 2014,3463.25,3508,3463.25,3480.55,550593,,,,
03 Jan 2014,3475,3575,3454.25,3565.15,1255793,,,,
06 Jan 2014,3575.1,3580.5,3468.6,3517.9,1387291,,,,
07 Jan 2014,3519.05,3525.9,3446.7,3457.15,964211,,,,
08 Jan 2014,3461,3475,3421,3428.1,1123799,,,,
09 Jan 2014,3440,3482,3417.85,3450.8,1573851,,,,
10 Jan 2014,3490,3575,3448,3551.25,3782272,,,,
13 Jan 2014,3582,3675,3582,3665,2139989,,,,
14 Jan 2014,3645,3695,3640.45,3686.75,928229,,,,
15 Jan 2014,3695.3,3724.35,3681,3712.05,2141268,,,,
16 Jan 2014,3699,3737.45,3693.65,3725.05,2201029,,,,
17 Jan 2014,3729,3764.65,3720,3729.75,3208487,,,,
20 Jan 2014,3712,3759.95,3704.45,3749.3,1220243,,,,
21 Jan 2014,3750,3770,3718.35,3758.35,1512808,,,,
22 Jan 2014,3741.2,3778,3740.05,3765.9,846220,,,,
23 Jan 2014,3784.1,3799,3760.85,3792.5,988418,,,,
24 Jan 2014,3765,3796.95,3754.7,3758.15,859573,,,,
27 Jan 2014,3720,3763.9,3711.2,3732.2,1012381,,,,
28 Jan 2014,3707,3708.7,3666.85,3675.1,1763568,,,,
29 Jan 2014,3666,3743.7,3653.65,3717.8,1012760,,,,
30 Jan 2014,3703.7,3716.7,3660,3704.25,897954,,,,
31 Jan 2014,3700,3739.75,3686.55,3701.1,671241,,,,
03 Feb 2014,3685,3692,3624.8,3629.15,548014,,,,
04 Feb 2014,3581,3591.95,3546.55,3561.1,566889,,,,
05 Feb 2014,3580,3589,3542.75,3581.25,540874,,,,
06 Feb 2014,3572,3583,3541,3563.7,718738,,,,
07 Feb 2014,3587,3601.85,3548.85,3566.55,943932,,,,
10 Feb 2014,3579.9,3586,3557.5,3573.8,756178,,,,
11 Feb 2014,3584,3622,3573.5,3596.25,729199,,,,
12 Feb 2014,3600.5,3627.45,3593.2,3600.1,526089,,,,
13 Feb 2014,3604.8,3617.95,3580.05,3585.8,448540,,,,
14 Feb 2014,3615.55,3664,3603.25,3644.3,745271,,,,
17 Feb 2014,3685,3685,3648.85,3658.15,1696240,,,,
18 Feb 2014,3647,3694.6,3647,3682,622280,,,,
19 Feb 2014,3695.65,3762,3695.1,3753.4,883038,,,,
20 Feb 2014,3744.9,3744.9,3706,3711.25,1102106,,,,
21 Feb 2014,3736,3755.4,3727.25,3750.7,689748,,,,
24 Feb 2014,3746,3753.7,3730,3749.9,544701,,,,
25 Feb 2014,3755,3792.1,3755,3782.9,1012439,,,,
26 Feb 2014,3780,3817.8,3772.1,3807.5,919021,,,,
28 Feb 2014,3761.1,3837.15,3761.1,3824.85,1229937,,,,
03 Mar 2014,3825,3849.95,3791.95,3798.25,900522,,,,
04 Mar 2014,3770,3824.45,3761.9,3799.55,867239,,,,
05 Mar 2014,3827.9,3844.4,3809.9,3821.7,617938,,,,
06 Mar 2014,3838,3849.95,3817.35,3831.9,778289,,,,
07 Mar 2014,3827,3834,3708.3,3740.3,1884093,,,,
10 Mar 2014,3729.7,3729.7,3645.3,3671.6,929059,,,,
11 Mar 2014,3653,3708.9,3631.05,3675.35,515534,,,,
12 Mar 2014,3673.4,3703.35,3652,3671.3,492513,,,,
13 Mar 2014,3420,3439.9,3340,3357.6,5098860,,,,
14 Mar 2014,3340,3403.9,3335.05,3394.15,1395943,,,,
18 Mar 2014,3400,3411.9,3340,3350.55,1475539,,,,
19 Mar 2014,3350,3357.85,3238.75,3271.75,1972231,,,,
20 Mar 2014,3270,3349.5,3270,3303.05,1002879,,,,
21 Mar 2014,3330,3338,3270.5,3305.65,1547540,,,,
22 Mar 2014,3294,3313.8,3281.2,3296.05,51669,,,,
24 Mar 2014,3272.2,3318.45,3270,3275.8,1020043,,,,
25 Mar 2014,3248,3279.7,3246,3254.4,943508,,,,
26 Mar 2014,3260,3268.95,3230.6,3248.9,1057321,,,,
27 Mar 2014,3248,3262.9,3215.95,3231.05,1699921,,,,
28 Mar 2014,3240.1,3279,3227.3,3262.6,893353,,,,
31 Mar 2014,3285.3,3304.95,3230.05,3282.8,1147116,,,,
01 Apr 2014,3283.05,3325,3275,3313.95,1078544,,,,
02 Apr 2014,3348.8,3350,3310.5,3322.05,705550,,,,
03 Apr 2014,3339.5,3348,3319.05,3338.15,587527,,,,
04 Apr 2014,3351,3356,3306.1,3316.05,490698,,,,
07 Apr 2014,3298,3314.45,3256,3293.4,887193,,,,
09 Apr 2014,3281.05,3309.8,3230.5,3254.55,1333085,,,,
10 Apr 2014,3254.5,3257.75,3186.15,3201.2,2657905,,,,
11 Apr 2014,3210,3255.6,3165,3235.15,2334792,,,,
15 Apr 2014,3332.2,3388,3247.5,3259.8,2597798,,,,
16 Apr 2014,3241.95,3241.95,3147.5,3157.3,1649788,,,,
17 Apr 2014,3180,3210.05,3158.35,3192.05,1048989,,,,
21 Apr 2014,3210,3220,3170,3182.95,764953,,,,
22 Apr 2014,3172.05,3200,3142.4,3150.65,828362,,,,
23 Apr 2014,3174.05,3191.85,3164,3172.65,1502090,,,,
25 Apr 2014,3188,3200,3163.35,3175.6,745363,,,,
28 Apr 2014,3169,3193,3165,3178.05,755310,,,,
29 Apr 2014,3183,3195,3171,3177.75,604433,,,,
30 Apr 2014,3177.65,3190,3171,3180.8,967742,,,,
02 May 2014,3185,3247,3185,3219.7,595549,,,,
05 May 2014,3192,3233,3174.55,3176.9,524586,,,,
06 May 2014,3176.9,3184.5,3155,3165.15,570753,,,,
07 May 2014,3151,3170,3050,3067.35,1949509,,,,
08 May 2014,3070,3088.4,3046.45,3065.3,1145249,,,,
09 May 2014,3065,3125,3052.85,3111.45,772425,,,,
12 May 2014,3118.2,3186.5,3105.05,3175.1,880525,,,,
13 May 2014,3183,3275,3183,3265.25,912496,,,,
14 May 2014,3250.25,3265,3217.15,3254.1,648086,,,,
15 May 2014,3254.1,3294.85,3205.25,3272.45,1051149,,,,
16 May 2014,3299,3340,3059.05,3177.55,1773599,,,,
19 May 2014,3198,3198,3000.1,3015.05,2155814,,,,
20 May 2014,3049,3138.85,3042.2,3122.2,1098418,,,,
21 May 2014,3118,3164.3,3099.05,3157.1,848538,,,,
22 May 2014,3160,3180,3081.15,3113.9,1229093,,,,
23 May 2014,3125,3171,3012.15,3069.55,1135222,,,,
26 May 2014,3071,3110.95,3050.15,3094.85,718818,,,,
27 May 2014,3100,3155,3099.5,3134.05,623016,,,,
28 May 2014,3123.5,3188,3118,3173.3,673665,,,,
29 May 2014,3025,3025,2915,2924.5,5167666,,860% Final (FV Rs.5),,
30 May 2014,2940,2959.45,2880,2939.4,3504452,,,,
02 Jun 2014,2960.5,2997.7,2960.5,2993.15,778732,,,,
03 Jun 2014,3008,3036.95,2974.75,3017.2,853117,,,,
04 Jun 2014,3015,3027.35,2953.5,2984.5,688501,,,,
05 Jun 2014,3000,3068.4,2962,3041.15,1519215,,,,
06 Jun 2014,3000.15,3010,2950,3003.05,2110303,,,,
09 Jun 2014,3006,3015,2976.1,2986.45,1357293,,,,
10 Jun 2014,3000,3089.2,2996.35,3075.15,1309897,,,,
11 Jun 2014,3105,3257.25,3090.35,3193.35,2546963,,,,
12 Jun 2014,3280,3297.05,3120.7,3175.05,2641107,,,,
13 Jun 2014,3188.5,3207,3131.05,3187,1268968,,,,
16 Jun 2014,3186,3259.7,3180,3244.15,1171916,,,,
17 Jun 2014,3249,3267,3218.55,3246.85,1259924,,,,
18 Jun 2014,3245,3275,3212.75,3240.5,1223910,,,,
19 Jun 2014,3245.85,3323,3245.1,3311.9,1414213,,,,
20 Jun 2014,3320,3339.4,3292.85,3316.6,1106625,,,,
23 Jun 2014,3300,3308.95,3221.45,3232.55,791014,,,,
24 Jun 2014,3230,3234.9,3192.15,3203.8,1329753,,,,
25 Jun 2014,3245,3245,3206,3211.25,804190,,,,
26 Jun 2014,3220,3235,3168.75,3182.5,922069,,,,
27 Jun 2014,3200,3235.6,3172,3223.4,861343,,,,
30 Jun 2014,3220,3263,3211.4,3255.55,911322,,,,
01 Jul 2014,3245,3254.8,3206,3221.05,582814,,,,
02 Jul 2014,3212,3243.6,3198.2,3215.3,764954,,,,
03 Jul 2014,3210.2,3228.4,3190.5,3210.7,938114,,,,
04 Jul 2014,3200.05,3258.4,3200.05,3245.95,719121,,,,
07 Jul 2014,3265,3368,3260,3345.45,1454789,,,,
08 Jul 2014,3349,3406.35,3303.05,3342.15,1432560,,,,
09 Jul 2014,3330,3384,3290,3310.35,1033844,,,,
10 Jul 2014,3315,3381.7,3250.6,3292.7,1418202,,,,
11 Jul 2014,3401.4,3432,3300.35,3326.65,1978295,,,,
14 Jul 2014,3315,3315,3185.8,3225.25,1028950,,,,
15 Jul 2014,3239,3257.95,3217.05,3225.65,517475,,,,
16 Jul 2014,3240,3245,3203.25,3229.6,573686,,,,
17 Jul 2014,3260.1,3345.9,3231.65,3239.3,618334,,,,
18 Jul 2014,3253,3274.7,3243.6,3251.55,512296,,,,
21 Jul 2014,3255,3273.35,3188.1,3200.7,929496,,,,
22 Jul 2014,3205,3246.7,3198.05,3233.7,1091670,,,,
23 Jul 2014,3249,3355,3249,3349.45,1478417,,,,
24 Jul 2014,3344,3395,3321.45,3382.25,696445,,,,
25 Jul 2014,3399,3399,3304.7,3352.2,667209,,,,
28 Jul 2014,3345,3387,3320.85,3371.1,575181,,,,
30 Jul 2014,3394,3394,3345.6,3372.2,1241840,,,,
31 Jul 2014,3380,3394.9,3343.2,3367.65,1057146,,,,
01 Aug 2014,3350,3392,3330,3341.3,950876,,,,
04 Aug 2014,3355,3482.9,3349.3,3465.55,1635870,,,,
05 Aug 2014,3476,3520,3470.05,3513,1373203,,,,
06 Aug 2014,3525,3608.35,3525,3575.85,2250523,,,,
07 Aug 2014,3499,3544.4,3482.35,3507.35,969278,,,,
08 Aug 2014,3500,3520,3475,3482.65,476419,,,,
11 Aug 2014,3524,3583.7,3510,3573.5,703584,,,,
12 Aug 2014,3599,3599,3541,3576.8,739617,,,,
13 Aug 2014,3560.05,3625,3550.75,3608.4,1117670,,,,
14 Aug 2014,3608,3627.7,3586.6,3612.55,845310,,,,
18 Aug 2014,3612,3612,3550,3559.8,847236,,,,
19 Aug 2014,3561,3589,3530,3547.8,803103,,,,
20 Aug 2014,3563,3582.5,3547,3554.55,492278,,,,
21 Aug 2014,3556.25,3563.4,3530,3548.95,537360,,,,
22 Aug 2014,3548.95,3608,3548,3601,606880,,,,
25 Aug 2014,3599,3635.7,3562.05,3627.8,524794,,,,
26 Aug 2014,3622,3640,3600,3624.15,730266,,,,
27 Aug 2014,3630,3650,3601.1,3630.55,696234,,,,
28 Aug 2014,3629,3633.65,3581.2,3598.8,949913,,,,
01 Sep 2014,3610.05,3618.9,3585,3599.65,455394,,,,
02 Sep 2014,3600,3625,3555.55,3613.75,447979,,,,
03 Sep 2014,3610,3746.4,3610,3734.25,1482195,,,,
04 Sep 2014,3725,3725,3697.85,3708.75,779808,,,,
05 Sep 2014,3732,3795,3705.35,3730.75,808544,,,,
08 Sep 2014,3732.7,3790.5,3732.7,3781.65,814662,,,,
09 Sep 2014,3748,3755.45,3720,3736.05,539600,,,,
10 Sep 2014,3708,3708,3660,3667.3,635094,,,,
11 Sep 2014,3674,3699.7,3630.6,3684.15,626629,,,,
12 Sep 2014,3688,3708,3650,3669.9,488444,,,,
15 Sep 2014,3665,3668,3627.3,3641.3,619850,,,,
16 Sep 2014,3646,3690.5,3623.6,3651.25,629363,,,,
17 Sep 2014,3679.9,3748.1,3671.1,3741.05,990765,,,,
18 Sep 2014,3673.95,3729.7,3654.45,3697,1138097,,,,
19 Sep 2014,3699,3787.9,3681.3,3702.05,1844377,,,,
22 Sep 2014,3680,3682.75,3632,3650.6,1076505,,,,
23 Sep 2014,3645,3683.45,3595.55,3607.1,1620288,,,,
24 Sep 2014,3630,3672.25,3598.25,3644.8,695570,,,,
25 Sep 2014,3650,3718.8,3646,3691,3121939,,,,
26 Sep 2014,3685,3720.25,3660.5,3680.15,1108105,,,,
29 Sep 2014,3701,3760.95,3681.1,3749.05,624518,,,,
30 Sep 2014,3744.2,3756.3,3701.1,3747.75,865921,,,,
01 Oct 2014,3722,3859.95,3722,3847.3,1183858,,,,
07 Oct 2014,3769.3,3892.95,3769.3,3831.3,2507932,,,,
08 Oct 2014,3785,3792,3641,3650.15,2540960,,,,
09 Oct 2014,3700,3714,3625.9,3646.8,1554104,,,,
10 Oct 2014,3660,3908,3572.7,3888.65,5736632,,,,
13 Oct 2014,3889.3,3985,3889.3,3942.55,2215873,,,,
14 Oct 2014,3965,3965,3900,3918.3,857564,,,,
16 Oct 2014,3900.1,3938.3,3854.35,3865.3,1252174,,600% Interim (FV Rs.5),,
17 Oct 2014,3864.9,3922.8,3837.1,3851.65,1023752,,,,
20 Oct 2014,3853,3862.55,3802.1,3812.35,962840,,,,
21 Oct 2014,3849.9,3849.9,3710,3772.95,3260173,,,,
22 Oct 2014,3809.3,3811.9,3776.2,3796.05,669165,,,,
23 Oct 2014,3804.85,3813.45,3797.15,3805.05,81303,,,,
27 Oct 2014,3850,3850,3782.2,3803.05,595969,,,,
28 Oct 2014,3765,3812.35,3765,3788.25,833296,,,,
29 Oct 2014,3812.95,3892.7,3812.95,3881.45,1028667,,,,
30 Oct 2014,3896,3981.25,3896,3946.55,1905651,,,,
31 Oct 2014,3987.05,4066,3987.05,4051.25,1083850,,,,
03 Nov 2014,4076.9,4110,4032.45,4085.9,1072301,,,,
05 Nov 2014,4085,4154,4057,4124.8,1280135,,,,
07 Nov 2014,4118.3,4183,4118.3,4166.6,1246300,,,,
10 Nov 2014,4175.05,4181.1,4140,4165.5,699271,,,,
11 Nov 2014,4165,4165,4103.8,4125.2,781886,,,,
12 Nov 2014,4121,4150.7,4097.1,4106,674112,,,,
13 Nov 2014,4122,4201.05,4112.4,4178.6,619585,,,,
14 Nov 2014,4194,4211.45,4174,4191.65,654147,,,,
17 Nov 2014,4185,4227.9,4148.1,4218.45,682273,,,,
18 Nov 2014,4225,4227.8,4172.1,4182.35,658390,,,,
19 Nov 2014,4180,4189.95,4139.75,4173.35,650140,,,,
20 Nov 2014,4190,4232.5,4183.85,4225.6,668491,,,,
21 Nov 2014,4170,4179,4101.6,4146.15,1307909,,,,
24 Nov 2014,4200,4281.65,4191.95,4275.1,1380930,,,,
25 Nov 2014,4295,4319.95,4246,4303.2,1860822,,,,
26 Nov 2014,4300,4317.7,4271.6,4300.45,991350,,,,
28 Nov 2014,4370.1,4398,4343.4,4359.85,1793408,,,,
01 Dec 2014,4387,4402.2,4292.6,4349.85,2292733,,,,
03 Dec 2014,2101.5,2132.95,2084.55,2123.5,3193761,1:1  on 02 Dec 2014,,,
04 Dec 2014,2110,2144.9,2095,2101.8,2349807,,,,
05 Dec 2014,2115,2116.6,2059.8,2070.3,1839690,,,,
08 Dec 2014,2009,2019,1957.75,1970.15,41580102,,,,
09 Dec 2014,1982.75,1986,1952.45,1964.8,2512615,,,,
10 Dec 2014,1966,1985,1959.1,1963.75,1951178,,,,
11 Dec 2014,1951,1953.95,1915,1921.05,2071483,,,,
12 Dec 2014,1939.05,1960.4,1918.1,1938.65,3643125,,,,
15 Dec 2014,1904.95,1957.25,1904.9,1924.8,3241571,,,,
16 Dec 2014,1925.7,1951.6,1925.7,1938,4448189,,,,
17 Dec 2014,1936,1955.5,1896.3,1938.5,4462944,,,,
18 Dec 2014,1954,1981.8,1944.75,1965.9,4987495,,,,
19 Dec 2014,1997.6,2008,1986,1998.65,3573658,,,,
22 Dec 2014,2006,2010.1,1975.35,1999.6,2616276,,,,
23 Dec 2014,2000.85,2021.9,1963.6,1971.65,2049238,,,,
24 Dec 2014,1976,1987,1915.05,1930.55,6834872,,,,
26 Dec 2014,1945.1,1960.7,1930.95,1952.25,567187,,,,
29 Dec 2014,1956.05,1972.8,1952.5,1957.8,698169,,,,
30 Dec 2014,1962.25,1975,1956.8,1966.35,1160138,,,,
31 Dec 2014,1955,1978.95,1950,1972.55,1742202,,,,
01 Jan 2015,1968.95,1982,1956.9,1974.4,500691,,,,
02 Jan 2015,1972,2019.05,1972,2013.2,1694580,,,,
05 Jan 2015,2009.9,2030,1977.5,1995.9,2484256,,,,
06 Jan 2015,1980,1985,1934.1,1954.2,2416829,,,,
07 Jan 2015,1965,1974.75,1950,1963.55,1812479,,,,
08 Jan 2015,1985.6,1997,1950,1973.45,3391230,,,,
22 Jan 2015,2174.8,2203,2161.3,2196.45,2489599,,,,
23 Jan 2015,2200,2225,2165.1,2215.05,2371582,,,,
27 Jan 2015,2221,2221,2130.1,2136.5,3434992,,,,
28 Jan 2015,2150,2154.8,2130.3,2144.55,3283589,,,,
29 Jan 2015,2145,2149.9,2127.6,2145.5,3842356,,,,
30 Jan 2015,2161.5,2162.55,2126.95,2141.9,2708436,,,,
02 Feb 2015,2141.5,2152,2126.05,2136.85,2175635,,,,
03 Feb 2015,2136.85,2139.95,2102,2120.9,1316489,,,,
04 Feb 2015,2139.9,2150,2126.4,2142.85,1290004,,,,
12 Feb 2015,2283,2321.95,2273,2311.2,1571884,,,,
13 Feb 2015,2299.6,2326.7,2286,2296.1,1414379,,,,
16 Feb 2015,2280.3,2306.9,2265.25,2278.75,1561069,,,,
18 Feb 2015,2290.55,2304.95,2258.15,2296.5,2153441,,,,
19 Feb 2015,2294,2334,2292.05,2324.7,2418406,,,,